game,det,lead_days,peak_ccu,det_ccu,future_headroom
Natural Disaster Survival,2026-02-06,-5,14675.0,12978,-0.014254892895669594
Murder Mystery 2,2026-02-06,9,192720.5,146070,0.31937084959266104
Murder Mystery 2,2026-02-17,-2,192720.5,134761,0.3577370307433159
Murder Mystery 2,2026-02-25,-3,182970.0,178260,-0.0104930999663413
Murder Mystery 2,2026-03-12,3,190066.5,132639,0.4329608938547486
Murder Mystery 2,2026-04-05,0,212374.0,212374,-0.117208321169258
Murder Mystery 2,2026-05-01,9,168481.0,148650,0.13340733266061217
Prison Life,2026-04-01,10,12919.5,10114,0.2773877793157999
🔨Plane Crazy🔨 [UPDATE],2026-05-01,9,5127.5,3941,0.30106571936056836
🔨Plane Crazy🔨 [UPDATE],2026-05-09,8,5293.0,4960,0.06713709677419355
🔨Plane Crazy🔨 [UPDATE],2026-06-03,4,5452.0,4151,0.31341845338472657
[👵] Welcome to Bloxburg 🏡,2026-02-08,8,28906.0,24370,0.18613048830529338
[👵] Welcome to Bloxburg 🏡,2026-02-16,0,28906.0,28906,-0.07661039230609562
[👵] Welcome to Bloxburg 🏡,2026-03-30,6,39979.0,24081,0.6601885303766455
Epic Minigames ✨,2026-05-03,7,2618.0,2428,0.07825370675453047
Epic Minigames ✨,2026-06-04,3,3094.0,2619,0.18136693394425354
Arsenal,2026-02-06,-5,6730.0,5648,0.06214589235127479
Arsenal,2026-02-16,6,6295.0,5627,0.11871334636573663
Arsenal,2026-04-02,9,5416.5,4525,0.19701657458563535
Arsenal,2026-05-25,13,5907.0,4787,0.23396699394192605
[SPRING UPDATE 2] Counter Blox,2026-05-12,-3,1190.5,783,0.3946360153256705
[🏆SUPER BOWL] NFL Universe Football,2026-02-06,1,21281.0,23670,-0.10092944655682298
[🔥NEW] NFL Universe Football,2026-02-25,-3,19181.0,12149,0.06214503251296403
[🔥NEW] NFL Universe Football,2026-03-29,7,13531.0,12020,0.1257071547420965
[🔥NEW] NFL Universe Football,2026-04-05,0,13531.0,13531,-0.19170792993865937
Build A Boat For Treasure,2026-05-27,11,19030.0,11667,0.6310962543927316
Build A Boat For Treasure,2026-06-03,4,19030.0,15632,0.21737461617195497
Royale🌼High,2026-05-03,0,7719.0,7719,-0.2156367405104288
Greenville,2026-04-01,5,12389.0,11015,0.12473899228325011
Greenville,2026-05-09,1,11739.0,6704,0.7510441527446301
Flee the Facility,2026-02-10,12,32264.5,16410,0.9661486898232785
Flee the Facility,2026-03-04,12,28632.0,13920,1.056896551724138
Flee the Facility,2026-04-05,0,33993.0,33993,-0.19517253552201924
Flee the Facility,2026-04-19,14,27552.5,27358,0.007109437824402369
Flee the Facility,2026-05-19,5,30018.0,23087,0.30021224065491403
[🦈] Adopt Me!,2026-03-04,11,520730.5,300916,0.7304845870608409
[🦈] Adopt Me!,2026-03-14,1,520730.5,512463,0.016132872031736925
[🦈] Adopt Me!,2026-04-05,0,637864.0,637864,-0.1022310398454843
[🦈] Adopt Me!,2026-04-26,1,406198.0,393514,0.03223265245963295
[🦈] Adopt Me!,2026-05-22,0,347165.5,347165,-0.02667031526795616
ABA,2026-02-06,9,16906.0,11251,0.5026219891565195
ABA,2026-02-15,0,16906.0,16906,-0.16594700106471075
ABA,2026-03-20,0,10482.5,10482,-0.1348979202442282
ABA,2026-05-01,1,13627.0,5581,1.4416771187959148
ABA,2026-05-08,-6,13627.0,9179,0.25247848349493407
Bee Swarm Simulator,2025-12-21,7,241787.0,104717,1.308956520908735
🚌 Sunshine Islands Bus Simulator [NEW],2026-05-02,1,5201.0,4946,0.051556813586736756
[🎮CONTROLLER🎮] Grand Piece Online,2026-03-08,0,17716.0,17716,-0.06302212689094604
[🎮CONTROLLER🎮] Grand Piece Online,2026-03-15,-7,17716.0,16599,-0.035002108560756674
Tower of Hell,2026-05-02,-6,10399.0,9421,0.03194989916144783
The Wild West,2026-05-01,2,1090.0,1006,0.08349900596421471
The Wild West,2026-06-03,3,972.0,745,0.3046979865771812
Westbound,2026-02-10,5,2055.0,1375,0.49454545454545457
Emergency Response: Liberty County,2026-02-10,12,13102.5,6402,1.046626054358013
Emergency Response: Liberty County,2026-02-25,-3,13102.5,8227,0.07560471617843685
Emergency Response: Liberty County,2026-03-29,7,12599.0,9764,0.29035231462515365
Emergency Response: Liberty County,2026-04-19,0,9751.5,9751,-0.1464465183058148
Emergency Response: Liberty County,2026-06-02,8,8936.5,7540,0.18521220159151194
🚩Expedition Antarctica,2026-02-16,-1,3915.0,3524,0.01362088535754824
World // Zero ⚔️ Anime RPG ,2026-02-15,0,7144.0,7144,-0.49916013437849943
Blox Fruits,2026-02-15,0,597500.0,597500,-0.17622928870292887
Blox Fruits,2026-03-29,0,491303.5,491303,-0.03424566916953489
3008 [2.74],2026-02-22,14,15875.0,15615,0.01665065642010887
3008 [2.74],2026-04-03,1,17609.0,15554,0.13212035489263213
3008 [2.74],2026-05-01,9,18566.5,13328,0.39304471788715484
3008 [2.74],2026-05-13,4,21629.0,11013,0.9639516934531916
3008 [2.74],2026-05-28,3,23398.0,14059,0.6642719965858169
Farming and Friends,2026-02-06,9,3874.5,3069,0.2624633431085044
[🌽] Farming and Friends,2026-05-05,12,3407.0,1693,1.0124040165386887
[🌽] Farming and Friends,2026-05-17,0,3407.0,3407,-0.3660111535074846
Da Hood ,2026-01-06,5,5337.0,4732,0.12785291631445478
Da Hood,2026-02-16,6,3421.5,3353,0.02042946614971667
Da Hood,2026-03-28,0,3347.0,3347,-0.008365700627427548
Da Hood,2026-05-25,6,2938.0,2503,0.17379145025968837
Obby Creator,2026-02-12,-4,3037.0,1631,0.8451870018393624
Obby Creator,2026-05-01,-5,2816.0,2137,0.3095460926532522
Blackhawk Rescue Mission 5,2026-02-09,6,7192.0,5444,0.32108743570903747
Blackhawk Rescue Mission 5,2026-04-21,-2,8948.5,5349,0.3129556926528323
🎄XMAS EVENT🎄  Tower Defense Simulator,2025-12-21,9,40082.0,20030,1.001098352471293
⚡ NEW TOWER⚡  Tower Defense Simulator,2026-02-06,-5,25893.0,24218,0.0668923940870427
[🟣 HARDCORE]  Tower Defense Simulator,2026-03-12,2,13482.0,10383,0.29846865067899453
[🟣 HARDCORE]  Tower Defense Simulator,2026-04-06,-2,22258.0,15965,-0.017507046664578765
[🟣 HARDCORE]  Tower Defense Simulator,2026-04-23,3,20096.0,15023,0.3376822205950875
[🟣 HARDCORE]  Tower Defense Simulator,2026-05-22,1,16745.0,12200,0.37254098360655735
[🟣 HARDCORE]  Tower Defense Simulator,2026-06-06,0,37659.0,37659,-0.15584588013489473
[✨NEW LIMITED✨] Driving Empire 🏎️ Car Racing📦RP,2026-02-28,0,62579.0,62579,-0.37689160900621616
[✨NEW LIMITED✨] Driving Empire 🏎️ Car Racing📦RP,2026-03-30,7,36827.0,20877,0.7639986588111318
[✨NEW LIMITED✨] Driving Empire 🏎️ Car Racing📦RP,2026-04-06,0,36827.0,36827,-0.06758628180411111
[🏡NEW HOME!] Club Roblox RP 💗,2026-04-20,-1,5939.0,3330,-0.4671171171171171
[EVENT 🎉] Dragon Adventures 🐉,2026-02-06,-6,21371.0,21114,-0.020270910296485745
[SZN] Dragon Adventures 🐉,2026-05-30,7,15711.0,15364,0.022585264254100495
✨ Saber Simulator,2026-02-08,7,2762.5,2598,0.06331793687451887
[Spring🌻] Polish Car Driving,2026-02-08,0,3959.0,3959,-0.35652942662288456
[Spring🌻] Polish Car Driving,2026-02-18,4,2547.5,2353,0.08266043348916277
[Spring🌻] Polish Car Driving,2026-02-25,-3,2547.5,1338,0.7675635276532138
[Spring🌻] Polish Car Driving,2026-03-21,0,1980.0,1980,-0.16590909090909092
[Spring🌻] Polish Car Driving,2026-03-29,8,2167.0,1651,0.3125378558449425
[Spring🌻] Polish Car Driving,2026-04-05,1,2167.0,1698,0.2762073027090695
King Legacy,2026-03-18,4,57859.0,36418,0.588747322752485
🔪Survive the Killer!,2026-03-19,9,8613.0,5872,0.466791553133515
🔪Survive the Killer!,2026-03-26,9,9057.0,7364,0.22990222705051602
🔪Survive the Killer!,2026-04-04,0,9057.0,9057,-0.028155018217952965
🔪Survive the Killer!,2026-04-12,0,8802.0,8802,-0.11008861622358555
Shinobi Life 2,2026-06-01,6,3848.0,3162,0.21695129664769133
Piggy [ANNIVERSARY QUEST],2026-02-06,-7,10994.0,12262,-0.14879301908334694
Piggy,2026-03-18,4,17440.5,7983,1.1847049981210072
Piggy,2026-04-02,3,18944.0,13065,0.44998086490623806
(🚀 UPDATE) Rensselaer County,2026-04-05,0,6461.0,6461,-0.19834390961151524
(🚀 UPDATE) Rensselaer County,2026-05-16,0,6232.5,6232,-0.25176508344030807
[UGV] War Tycoon,2026-02-10,-2,15848.0,8050,0.6321739130434783
[UGV] War Tycoon,2026-03-02,13,19029.5,9800,0.9417857142857143
[UGV] War Tycoon,2026-03-13,2,19029.5,10209,0.8639925555882065
[UGV] War Tycoon,2026-04-01,4,14524.0,12290,0.18177379983726608
[UGV] War Tycoon,2026-04-23,-4,14444.0,9328,0.42249142367066894
[UGV] War Tycoon,2026-05-06,11,14140.0,6874,1.0570264765784114
[UGV] War Tycoon,2026-05-17,0,14140.0,14140,-0.2927864214992928
[VANTAVIRUS🔥] Outbreak ,2026-05-03,14,2542.0,779,2.263157894736842
[VANTAVIRUS🔥] Outbreak ,2026-05-10,7,2542.0,2191,0.16020082154267457
Brookhaven 🏡RP,2026-02-06,8,578160.0,601802,-0.03928534634314941
Brookhaven 🏡RP,2026-03-02,12,511302.0,378411,0.3511816516961716
Brookhaven 🏡RP,2026-03-12,2,511302.0,340482,0.5017005304245158
Brookhaven 🏡RP,2026-04-20,12,512874.5,398317,0.2876038431701384
Brookhaven 🏡RP,2026-05-01,8,548945.5,468268,0.1722891591994328
Brookhaven 🏡RP,2026-05-27,11,556130.0,370794,0.4998354881686327
Regretevator [ ELEVATOR SIMULATOR ],2026-02-16,-1,3646.0,3076,0.1801040312093628
[UPD] All Star Tower Defense,2026-02-20,9,440.0,254,0.7322834645669292
[UPD] All Star Tower Defense,2026-03-06,14,17072.0,356,46.95505617977528
[UPD] All Star Tower Defense,2026-03-13,9,32229.5,7284,3.4246979681493683
[UPD] All Star Tower Defense,2026-03-20,2,32229.5,17072,0.8878573102155577
[UPD] All Star Tower Defense,2026-03-27,-5,32229.5,21840,0.1505952380952381
[UPD] All Star Tower Defense,2026-05-29,1,17859.0,6652,1.6847564642212869
✈️ Cabin Crew Simulator ,2026-03-19,2,3888.0,2661,0.46110484780157834
🦖 Creatures of Sonaria ✨ Survive Kaiju Animals,2026-02-06,8,36182.5,37142,-0.025833288460502934
🐟 Creatures of Sonaria 🌹 Survive Kaiju Animals,2026-03-18,-4,33622.0,26698,0.21926736085100007
Bloxy Bingo,2026-02-06,14,4170.0,3690,0.13008130081300814
Bloxy Bingo,2026-02-20,0,4170.0,4170,-0.14964028776978416
Bloxy Bingo,2026-03-02,-3,3546.0,2974,0.10995292535305985
Bloxy Bingo,2026-03-14,10,3551.0,3301,0.0757346258709482
Bloxy Bingo,2026-03-24,12,4492.0,3551,0.26499577583779216
Bloxy Bingo,2026-04-02,3,4492.0,3856,0.16493775933609958
Bloxy Bingo,2026-05-01,2,5413.0,4210,0.2857482185273159
Bloxy Bingo,2026-05-12,-2,5022.5,4514,-0.0011076650420912715
Bloxy Bingo,2026-05-25,-1,4509.0,4194,0.03719599427753934
[Multiplayer Back] TJOC:ROBLOX,2026-06-09,-2,2683.0,1489,-0.37441235728676964
NEW MAP & BIKE🏍️ | Realistic Car Driving™,2026-02-08,0,4306.0,4306,-0.06839294008360428
NEW MAP & BIKE🏍️ | Realistic Car Driving™,2026-02-16,-2,4011.5,3056,0.27388743455497383
NEW MAP & BIKE🏍️ | Realistic Car Driving™,2026-02-25,3,3893.0,1946,1.000513874614594
NEW MAP & BIKE🏍️ | Realistic Car Driving™,2026-04-05,6,2903.0,2715,0.06924493554327808
NEW MAP & BIKE🏍️ | Realistic Car Driving™,2026-04-21,5,3235.0,1533,1.1102413568166993
NEW MAP & BIKE🏍️ | Realistic Car Driving™,2026-05-17,0,3424.0,3424,-0.442464953271028
NEW MAP & BIKE🏍️ | Realistic Car Driving™,2026-05-29,8,5184.0,1708,2.0351288056206087
NEW MAP & BIKE🏍️ | Realistic Car Driving™,2026-06-06,0,5184.0,5184,-0.38136574074074076
[DBZ PT. 1] Ultimate Tower Defense,2026-04-20,-1,585.0,572,-0.013986013986013986
[MODULO] Project Blackflashi,2026-02-22,0,423.0,423,-0.24822695035460993
Twisted [BETA],2026-02-08,14,2820.5,2391,0.1796319531576746
Twisted [BETA],2026-02-16,13,2857.0,1986,0.4385699899295065
Twisted [BETA],2026-02-27,8,4347.0,2070,1.1
Twisted [BETA],2026-03-11,11,13936.0,2832,3.92090395480226
Twisted [BETA],2026-03-19,3,13936.0,7072,0.9705882352941176
Twisted [BETA],2026-05-04,-1,7155.5,4772,0.07984073763621123
Twisted [BETA],2026-05-29,-5,7108.0,4316,0.13067655236329936
[🌑 SHADOW RAID] Anime Fighters,2026-02-15,14,2538.0,1009,1.5153617443012883
[🌑 SHADOW RAID] Anime Fighters,2026-02-22,13,3018.0,1640,0.8402439024390244
[🌑 SHADOW RAID] Anime Fighters,2026-03-16,13,3374.0,3142,0.07383831954169319
[UPDATE💨] Slap Battles👏,2026-02-06,1,16803.5,18626,-0.09784709545796198
Slap Battles👏,2026-03-18,-4,15150.5,11584,0.03824240331491713
Slap Battles👏,2026-04-02,9,13666.0,9896,0.3809620048504446
Slap Battles👏,2026-04-20,-2,11651.0,8168,0.40052644466209597
Slap Battles👏,2026-05-29,8,12414.0,11073,0.12110539149282037
DOORS [CRINGLE'S WORKSHOP🎁],2025-12-21,-2,30274.0,18852,0.09630277954593677
DOORS 👁️,2026-02-08,0,16099.0,16099,-0.09202434933846823
DOORS 👁️,2026-02-18,3,14617.5,12412,0.17769094424750242
DOORS 👁️,2026-03-18,14,14601.0,10788,0.35344827586206895
DOORS 👁️,2026-03-30,3,15852.0,11119,0.4256677758791258
DOORS 👁️,2026-04-20,12,14754.5,8475,0.7409439528023599
DOORS 👁️,2026-04-29,3,14754.5,8528,0.730124296435272
DOORS 👁️,2026-05-27,10,14070.0,7810,0.8015364916773368
DOORS 👁️,2026-06-03,3,14070.0,11161,0.2606397276229728
Livetopia 🏡 RP,2026-06-06,0,13641.0,13641,-0.00909024265083205
BedWars [🧊NEW KIT],2025-12-21,14,47440.0,33639,0.41026784387169657
BedWars,2026-02-06,-5,42571.0,40417,0.008882400969888907
BedWars [🍰Anniversary],2026-02-16,6,40968.5,37873,0.0817336889076651
BedWars [🍰Anniversary],2026-03-12,-4,37984.0,17320,0.9541281755196305
BedWars [🍰Anniversary],2026-05-01,9,26151.5,17623,0.4839414401634228
BedWars [🍰Anniversary],2026-05-27,11,30672.0,16596,0.8481561822125814
BedWars [🍰Anniversary],2026-06-03,4,30672.0,22972,0.33519066689883337
Ronopoly [Gold] (Risk Update),2026-03-02,-1,3457.0,1768,0.5214932126696833
(UPDATE!) Car Driving Indonesia,2026-02-16,3,21763.0,6356,2.4240088105726874
(UPDATE!) Car Driving Indonesia,2026-02-23,-4,21763.0,11086,0.8351975464549882
(UPDATE!) Car Driving Indonesia,2026-03-08,0,20345.0,20345,-0.39331531088719585
(UPDATE!) Car Driving Indonesia,2026-03-25,3,17283.0,9945,0.7378582202111614
(UPDATE!) Car Driving Indonesia,2026-04-11,1,14371.0,12507,0.1490365395378588
Fling Things and People,2026-02-06,2,47174.0,34565,0.3647909735281354
Wild Horse Islands,2026-02-10,-3,7090.5,4193,0.3347245409015025
Wild Horse Islands,2026-05-06,4,5868.0,2613,1.245694603903559
PHIGHTING! [ALPHA],2026-05-27,12,1885.0,1133,0.6637246248896734
[🛌DUALLY BEDS🛌] American Plains Mudding,2026-02-21,7,24074.0,18297,0.3157348199158332
[🛌DUALLY BEDS🛌] American Plains Mudding,2026-02-28,0,24074.0,24074,-0.48500456924482843
[🦑] Squid Game X,2026-02-28,0,16514.0,16514,-0.05401477534213395
[🦑] Squid Game X,2026-03-28,-6,16823.0,11807,0.3855340052511222
[🦑] Squid Game X,2026-05-05,-2,13898.5,9621,0.32772061116308077
[🦑] Squid Game X,2026-05-28,10,14979.0,12066,0.24142217802088514
Emergency Hamburg,2025-12-21,1,31276.0,12441,1.5139458242906518
Emergency Hamburg,2026-02-08,0,24786.0,24786,-0.32431614621157107
Emergency Hamburg,2026-02-16,12,17266.0,12464,0.38526957637997433
Emergency Hamburg,2026-02-25,3,17266.0,5803,1.975357573668792
Emergency Hamburg,2026-03-07,-7,17266.0,11821,0.36359022079350306
Emergency Hamburg,2026-03-14,7,16119.0,15234,0.058093737692004724
Emergency Hamburg,2026-03-29,8,24946.0,16997,0.4676707654291934
Emergency Hamburg,2026-04-05,1,24946.0,24116,0.03441698457455631
Emergency Hamburg,2026-04-20,6,18591.0,7074,1.6280746395250212
Emergency Hamburg,2026-05-01,-5,18591.0,12407,0.3930039493834126
Emergency Hamburg,2026-05-14,3,21285.0,12182,0.7472500410441635
Emergency Hamburg,2026-05-29,8,18731.0,8711,1.1502697738491563
Emergency Hamburg,2026-06-06,0,18731.0,18731,-0.5328065773316961
Football Fusion 2,2026-02-06,-6,6864.0,6262,-0.08272117534334078
Ability Wars,2026-02-16,-2,1679.0,1511,0.059894109861019194
Ability Wars,2026-03-04,3,2754.0,2247,0.22563417890520696
Ability Wars,2026-03-21,14,2307.0,1289,0.7897595034910784
Ability Wars,2026-03-30,12,3819.5,1028,2.715466926070039
Ability Wars,2026-04-06,5,3819.5,3761,0.015554373836745546
Ability Wars,2026-04-20,-2,3626.0,1843,0.877916440586001
Ability Wars,2026-05-14,2,1816.0,1473,0.2328581126951799
Ability Wars,2026-05-29,9,2383.0,1767,0.3486134691567629
Berry Avenue 🏠 RP,2026-02-10,-3,55250.5,29565,0.7328936242178251
Berry Avenue 🏠 RP,2026-03-02,13,47921.5,26995,0.7751991109464715
Berry Avenue 🏠 RP,2026-03-12,3,47921.5,24361,0.9671401009810763
Berry Avenue 🏠 RP,2026-04-11,-6,56605.0,45015,-0.009963345551482839
Berry Avenue 🏠 RP,2026-04-20,-1,44566.5,27633,0.38796004776897186
Berry Avenue 🏠 RP,2026-05-05,12,48675.0,21566,1.2570249466753223
Berry Avenue 🏠 RP,2026-05-16,1,48675.0,46361,0.049912642091413044
Berry Avenue 🏠 RP,2026-05-27,14,46205.5,25143,0.83770830847552
[☯️UPD] Weapon Fighting Simulator,2026-02-15,6,1458.5,1321,0.10408781226343679
LOCOfficial!,2026-03-17,11,2329.0,1792,0.29966517857142855
LOCOfficial!,2026-03-28,7,2902.0,2329,0.24602833834263632
LOCOfficial!,2026-04-04,0,2902.0,2902,-0.1912474155754652
LOCOfficial!,2026-05-11,14,2850.0,1357,1.1002210759027267
LOCOfficial!,2026-05-21,10,3250.0,1615,1.0123839009287925
LOCOfficial!,2026-06-05,-5,3250.0,2491,0.14572460859092734
Maple Hospital 🍂 [FLOOR 3],2026-02-08,8,19398.0,17325,0.11965367965367965
🚨BARRY'S PRISON RUN! (OBBY),2026-02-10,-3,21214.0,12393,0.6402808036794965
🚨BARRY'S PRISON RUN! (OBBY),2026-03-13,8,21784.0,12996,0.6762080640196984
PLS DONATE 💸,2026-02-06,2,21870.0,19281,0.1342772677765676
PLS DONATE 💸,2026-03-12,3,20576.0,16320,0.2607843137254902
PLS DONATE 💸,2026-05-01,-5,18421.0,17277,0.05527580019679342
 🎲 Pet Simulator 99! 👑,2026-03-14,7,56979.0,27421,1.0779329710805587
 🎲 Pet Simulator 99! 👑,2026-03-21,10,57216.5,56979,0.004168202320153039
 🎲 Pet Simulator 99! 👑,2026-04-19,7,90811.0,65525,0.3858985120183136
 🎲 Pet Simulator 99! 👑,2026-04-26,14,153071.5,90811,0.6856052680842629
 🎲 Pet Simulator 99! 👑,2026-05-10,0,153071.5,153071,-0.1105173416257815
Industrialist,2026-02-06,2,3925.0,3118,0.258819756254009
[HEAD OF HEI] Jujutsu Shenanigans,2026-02-06,8,239948.0,240101,-0.0006372318316041999
[BLACK DEATH] Jujutsu Shenanigans,2026-02-21,0,333319.0,333319,-0.11892061358638421
[BLACK DEATH] Jujutsu Shenanigans,2026-03-18,3,272527.0,190881,0.4277324615860143
[BLACK DEATH] Jujutsu Shenanigans,2026-04-02,0,298522.5,298522,-0.037689014544991656
[BLACK DEATH] Jujutsu Shenanigans,2026-04-20,12,238291.5,159832,0.4908873066720056
[BLACK DEATH] Jujutsu Shenanigans,2026-05-01,1,238291.5,210552,0.13174655192066567
[BLACK DEATH] Jujutsu Shenanigans,2026-05-22,0,253827.0,253827,-0.055912097609789345
Miners World [Pluto],2026-04-26,-1,3596.0,3410,-0.12360703812316716
🟣 ENGINEER Tower Defense X: BETA,2026-03-28,0,6383.0,6383,-0.22747924173586087
💰 Bid Battles!,2026-02-15,0,4648.0,4648,-0.13747848537005164
🎄Evade🎄,2025-12-21,-1,145426.0,59964,0.3055666733373357
Evade,2026-02-06,9,77841.5,33851,1.299533248648489
Evade,2026-02-15,0,77841.5,77841,-0.18820415976156524
Evade,2026-03-17,-2,57136.0,38441,0.13319112406024816
Evade,2026-04-12,13,57889.0,40380,0.43360574541852404
Evade,2026-04-25,0,57889.0,57889,-0.05576188913265042
Examination,2026-03-25,3,1585.0,970,0.634020618556701
Examination,2026-04-01,-4,1585.0,1284,-0.23169781931464176
The Strongest Battlegrounds,2026-02-06,2,130413.0,129653,0.005861800343995125
The Strongest Battlegrounds,2026-05-01,9,98088.5,81985,0.196420076843325
The Strongest Battlegrounds,2026-05-17,0,388370.0,388370,-0.5487331668254499
[⚖️JUDGEMAN] Jujutsu Infinite,2026-02-08,7,42028.0,31489,0.3346883038521388
[⚖️JUDGEMAN] Jujutsu Infinite,2026-02-15,0,42028.0,42028,-0.20341201104025888
The Backrooms 🚪 ,2026-06-03,4,15101.0,9321,0.6201051389335909
The Survival Game,2026-02-06,-5,1835.0,1490,0.21677852348993287
Baddies 💅,2026-02-06,-5,16082.0,12102,0.08775409023301933
Baddies 💅,2026-02-16,6,13508.0,12898,0.04729415413242363
Baddies 💅,2026-03-01,7,14179.0,13426,0.056085207805750034
Baddies 💅,2026-03-08,0,14179.0,14179,-0.18428662105931307
Baddies 💅,2026-04-28,-2,11426.0,6974,0.5106108402638371
Baddies 💅,2026-05-25,13,12306.0,10383,0.18520658769141868
Baddies 💅,2026-06-09,-2,12306.0,11838,-0.21169116404798108
NPC or DIE! 💢,2026-02-16,-1,3615.0,3376,0.013033175355450236
NPC or DIE! 💢,2026-03-13,-5,3450.0,2139,0.5867227676484339
NPC or DIE! 💢,2026-04-02,9,3874.0,2906,0.3331039229181005
NPC or DIE! 💢,2026-04-18,8,6042.0,5265,0.1475783475783476
NPC or DIE! 💢,2026-05-01,-5,6042.0,4343,0.02360119732903523
NPC or DIE! 💢,2026-05-25,13,4271.0,3483,0.22624174562159058
FNAF: Eternal Nights 🍕,2026-05-04,-1,7424.5,3757,0.6579717859994677
Mini Empires,2026-03-25,0,2590.5,2590,-0.21235521235521235
Mini Empires,2026-04-04,0,2040.0,2040,-0.13676470588235295
Clip It 😂🎬👗,2026-02-08,0,19836.0,19836,-0.36277475297439
Clip It 😂🎬👗,2026-02-22,0,12640.0,12640,-0.16289556962025317
Clip It 😂🎬👗,2026-03-11,-3,10581.0,5099,-0.4013532065110806
Clip It 😂🎬👗,2026-06-01,0,9523.0,9523,-0.2547516538905807
Ultimate Battlegrounds,2026-03-14,0,4098.5,4098,-0.04172767203513909
Locos Online 🚂 🌏,2026-03-14,0,477.5,477,-0.14255765199161424
[🏆⚽] FIFA Super Soccer,2026-02-18,0,14880.5,14880,-0.37153897849462364
[🏆⚽] FIFA Super Soccer,2026-04-22,14,10442.0,10414,0.002688688304205877
[🏆⚽] FIFA Super Soccer,2026-05-06,3,36622.5,10442,2.50723041562919
Murderers VS Sheriffs DUELS,2026-05-01,-5,13905.0,11471,0.07806642838462209
Murderers VS Sheriffs DUELS,2026-05-27,10,12206.0,8943,0.36486637593648663
FNAF: Co-op,2026-04-01,4,2945.0,1788,0.6470917225950783
RoCast Online,2026-04-26,0,1075.0,1075,-0.33767441860465114
Neighbors 🔊,2026-02-12,9,8751.5,6902,0.26796580701246014
Neighbors 🔊,2026-06-02,5,11738.0,9280,0.2648706896551724
Emergency Emden,2026-02-12,6,2457.0,2333,0.0531504500642949
Emergency Emden,2026-02-25,-7,2457.0,491,
Emergency Emden,2026-04-06,0,4865.0,4865,-0.027954779033915723
Emergency Emden,2026-04-20,6,4427.0,1660,1.666867469879518
Morph World! 🤖 [PROTOGIRL!],2026-03-22,0,3842.0,3842,-0.5229047371160854
[🐎📆 JoJo P7] Anime Last Stand,2026-02-20,0,9868.5,9868,-0.06409606809890556
[🐎📆 JoJo P7] Anime Last Stand,2026-04-27,1,6384.0,4419,0.44467073998642226
[CHRISTMAS🎄] Heroes Battlegrounds,2026-02-06,1,14423.0,15654,-0.07863804778331417
Heroes Battlegrounds,2026-02-22,0,23956.0,23956,-0.34609283686759057
Heroes Battlegrounds,2026-05-27,4,15038.0,10728,0.4017524235645041
Arm Wrestle Simulator,2026-03-15,0,3671.0,3671,-0.1257150640152547
Arm Wrestle Simulator,2026-04-26,7,3883.5,3409,0.13919037841009094
Arm Wrestle Simulator,2026-05-03,0,3883.5,3883,-0.48725212464589235
Attack on Titan Revolution,2026-04-25,8,85324.5,28360,2.008621297602257
Attack on Titan Revolution,2026-05-02,1,85324.5,85022,0.0035579026604878735
🐣 Murderers vs Sheriffs 2,2026-03-10,0,14801.0,14801,-0.11924869941220188
🎥My Movie,2026-04-26,0,16298.0,16298,-0.20069947232789298
🎥My Movie,2026-05-09,0,13027.0,13027,-0.06379058877715514
🎥My Movie,2026-05-22,0,12196.0,12196,-0.022794358806165958
[CHAMP🏆] untitled boxing game 🥊,2025-12-21,8,19102.0,13270,0.4394875659382065
untitled boxing game 🥊,2026-02-17,-2,11884.0,10501,-0.08675364251023712
The Classic Soccer,2026-03-02,5,1139.5,760,0.4993421052631579
Blade Ball,2025-12-21,12,29720.0,23080,0.2876949740034662
Blade Ball,2026-02-06,8,22547.5,18391,0.22600728617258442
Blade Ball,2026-03-12,-5,20484.5,15029,0.32204404817353116
Blade Ball,2026-03-29,7,22648.0,21430,0.056836210919272045
Blade Ball,2026-05-01,-5,18038.0,15242,0.1293793465424485
[LEGACY] Toilet Tower Defense,2026-05-09,1,20432.0,19862,0.02869801631255664
FLASHPOINT⚡,2026-02-28,14,3537.5,3416,0.03556791569086651
FLASHPOINT⚡,2026-05-18,0,2598.0,2598,-0.12124711316397228
LifeTogether 🏠 RP [🎄 UPDATE],2025-12-21,13,79049.5,61368,0.2881224742536827
LifeTogether 🏠 RP ,2026-02-16,5,52138.5,47394,0.10010760855804532
LifeTogether 🏠 RP ,2026-03-03,12,46916.0,22959,1.043468792194782
LifeTogether 🏠 RP ,2026-04-05,0,50084.0,50084,-0.15772502196310198
LifeTogether 🏠 RP ,2026-04-20,-1,41231.5,25508,0.5657832836757096
Together [Party Game],2026-05-24,0,8611.0,8611,-0.13900824526768088
Terminal [Escape Room],2026-05-16,1,2447.0,2172,0.12661141804788215
untitled tag game,2026-05-04,-1,2510.0,1806,0.33942414174972313
🏀Basketball Legends🏀,2026-02-27,1,7250.0,7159,0.012711272524095544
[YOURSELF TOWER] Skibi Defense,2026-02-08,7,3657.0,2746,0.331755280407866
[YOURSELF TOWER] Skibi Defense,2026-03-07,-6,4135.0,4002,0.031234382808595702
[YOURSELF TOWER] Skibi Defense,2026-03-24,12,7694.0,3739,1.0577694570740839
[YOURSELF TOWER] Skibi Defense,2026-04-08,-3,7694.0,5674,0.2567853366231935
[YOURSELF TOWER] Skibi Defense,2026-05-01,-5,5331.0,5253,-0.2263468494193794
Realistic Street Soccer,2026-03-02,-2,11086.0,8412,0.2624821683309558
Realistic Street Soccer,2026-04-05,0,11448.0,11448,-0.042147099930118795
Conquer The World [☢️ Nukes ] WW2,2026-02-06,4,9920.0,5602,0.7707961442342021
Conquer The World WW2 [🎖️New Ranks ],2026-04-20,1,12553.0,5566,1.255300035932447
Conquer The World WW2 [🎖️New Ranks ],2026-05-04,13,8290.0,4083,1.0303698261082537
Wanted [✈️UPDATE],2026-03-30,7,2565.0,1899,0.35071090047393366
Wanted [✈️UPDATE],2026-04-06,0,2565.0,2565,-0.011500974658869395
Wanted [✈️UPDATE],2026-04-24,2,6908.0,3592,0.923162583518931
Wanted [✈️UPDATE],2026-05-17,-1,6135.0,6112,-0.015052356020942409
Wanted [✈️UPDATE],2026-05-27,5,6489.0,4189,0.5490570541895441
[⛩️UPD] Titan Tower Defense,2026-04-21,5,4896.0,3066,0.5968688845401174
[🥚] Battle For Dream Island Roblox,2026-03-18,14,762.0,356,1.1404494382022472
Dudes Battlegrounds,2026-04-21,-2,7400.0,4422,0.2229760289461782
Death Ball,2025-12-21,9,22216.0,22023,0.008763565363483631
Death Ball,2026-02-06,2,15930.0,13739,0.15947303297183202
[UPD] Death Ball,2026-05-01,2,11372.5,9690,0.17363261093911248
Playbreak,2026-03-02,5,5804.5,3947,0.4706105903217634
Dress To Impress⭐,2026-02-08,0,163799.0,163799,-0.40058547365979036
Dress To Impress⭐,2026-03-31,5,131305.0,59840,1.1942680481283423
Dress To Impress⭐,2026-04-07,12,137229.5,92339,0.4861488645101203
Dress To Impress⭐,2026-04-19,0,137229.5,137229,-0.12764794613383468
Dress To Impress⭐,2026-05-04,-1,93352.0,67894,0.15414469614398915
Dress To Impress⭐,2026-05-27,4,80713.0,49518,0.6299729391332445
Dress To Impress⭐,2026-06-03,-3,80713.0,63936,0.0815503003003003
Freestyle Football,2026-02-06,1,305.0,326,-0.06441717791411043
Freestyle Football,2026-02-25,10,336.0,168,1.0
Freestyle Football,2026-04-05,6,257.0,247,0.04048582995951417
[COLLAB] Fortune's End,2026-02-14,0,1651.0,1651,-0.7892186553603876
[RP] Pine Ridge,2026-02-17,12,604.0,412,0.46601941747572817
[RP] Pine Ridge,2026-03-05,-4,604.0,317,0.832807570977918
[RP] Pine Ridge,2026-03-28,0,524.0,524,-0.10305343511450382
Sol's RNG [ Raid HELL Mode🔥],2026-04-12,14,79207.0,75706,0.046244683380445406
VEF [OLD],2026-03-07,7,171.5,132,0.29924242424242425
VEF [OLD],2026-03-14,0,171.5,171,-0.06140350877192982
[🤡APRIL FOOLS] Anime Ascendants,2026-02-22,9,1460.0,784,0.8622448979591837
Combat Arena,2026-03-15,10,12842.5,7910,0.6235777496839444
Combat Arena,2026-03-26,-1,12842.5,8545,0.33224107665301345
Combat Arena,2026-04-20,0,8197.0,8197,-0.18043186531657923
Combat Arena,2026-05-01,-5,6718.0,5736,0.09771617852161785
Combat Arena,2026-05-25,6,7218.0,5116,0.4108678655199374
🛡️ Horse Life 🐎 [MEDIEVAL EVENT],2026-05-16,0,4400.5,4400,-0.060454545454545455
🛡️ Horse Life 🐎 [MEDIEVAL EVENT],2026-06-06,0,3449.0,3449,-0.1284430269643375
🌼 Dandy's World [ALPHA],2026-02-06,-6,110336.0,86604,-0.09822294582236386
🐻 Dandy’s World [ALPHA],2026-02-28,0,201655.0,201655,-0.3038952666683197
🐻 Dandy’s World [ALPHA],2026-03-20,1,219122.0,66280,2.306004828002414
🐻 Dandy’s World [ALPHA],2026-03-27,-6,219122.0,121724,0.2624297591272058
🐻 Dandy’s World [ALPHA],2026-05-02,0,127543.0,127543,-0.17812032020573454
🐻 Dandy’s World [ALPHA],2026-05-16,0,90780.5,90780,-0.11693104207975324
Anime Vanguards: Godly Ascension,2026-02-08,-6,100980.0,83920,-0.1012452335557674
Anime Vanguards: Godly Ascension,2026-02-28,0,85593.0,85593,-0.03813395955276717
Anime Vanguards: Godly Ascension,2026-03-23,0,65532.0,65532,-0.10950375389122871
Anime Vanguards: Godly Ascension,2026-05-10,0,66815.5,66815,-0.14556611539325
Anime Vanguards: Godly Ascension,2026-06-01,0,52346.0,52346,-0.26589424215794905
💌 BUCKSHOT,2026-02-06,2,4052.0,2783,0.4559827524254402
💥 BUCKSHOT,2026-03-15,6,4821.0,3902,0.23552024602767813
💥 BUCKSHOT,2026-05-12,12,6231.0,2713,1.2967194987099153
(UPDATE 14.75 PART 3) Strange Bathtub War ,2026-02-19,-1,1979.0,959,0.21011470281543274
(UPDATE 14.75 PART 3) Strange Bathtub War ,2026-04-12,-1,1151.0,761,-0.621550591327201
Universalis Remastered [BETA],2026-02-10,-3,331.5,153,0.6830065359477124
Universalis Remastered [BETA],2026-04-19,7,291.0,238,0.22268907563025211
Universalis Remastered [BETA],2026-04-29,-3,291.0,173,
a dusty trip [💎CLASSES],2026-02-08,7,20666.0,19101,0.0819328830951259
🏰 Block Tales [DEMO 5],2026-02-10,-2,2064.0,1153,0.6660884648742411
🏰 Block Tales [DEMO 5],2026-02-17,12,2076.0,1566,0.32567049808429116
🏰 Block Tales [DEMO 5],2026-03-18,-4,2136.5,1425,0.496140350877193
🏰 Block Tales [DEMO 5],2026-04-11,14,127036.0,1996,62.64529058116233
🏰 Block Tales [DEMO 5],2026-04-21,4,127036.0,2039,61.303089749877394
🏰 Block Tales [DEMO 5],2026-04-28,-3,127036.0,23924,0.27290586858384885
NewSmith 🏡 RP,2026-03-22,0,16533.0,16533,-0.47220710094961593
Fisch ⚓ [CREWS],2026-02-08,0,82250.0,82250,-0.09096048632218845
Fisch ⚓ [CREWS],2026-03-08,-7,55631.0,51944,0.009770137070691513
Fisch ⚓ [CREWS],2026-03-18,-3,52451.5,38241,0.0298109359064878
Fisch ⚓ [CREWS],2026-04-01,11,49907.5,34522,0.44567232489427033
Fisch ⚓ [CREWS],2026-04-12,14,50253.0,49907,0.006932895185044182
Fisch ⚓ [CREWS],2026-04-26,7,74037.5,50253,0.47329512665910495
Fisch ⚓ [CREWS],2026-05-03,0,74037.5,74037,-0.026723124924024476
Fisch ⚓ [CREWS],2026-05-25,-1,70387.0,57259,0.16510941511378124
RV Cooked? [ALPHA],2026-02-19,9,7351.0,4042,0.8186541316180109
☀️ KOYA DANCE STUDIO,2026-03-11,4,3064.0,2332,0.313893653516295
[🎅] something evil will happen,2025-12-21,1,12334.0,15725,-0.21564387917329095
[⏳SOON⏳] Anime Guardians,2026-02-09,0,3910.5,3910,-0.04245524296675192
[⏳SOON⏳] Anime Guardians,2026-03-24,0,6525.0,6525,-0.2567049808429119
[❤️VALENTINES] SPIKED,2026-02-08,8,398.5,255,0.5627450980392157
[❤️VALENTINES] SPIKED,2026-02-15,1,398.5,337,0.1824925816023739
[V0.2 PRE-ALPHA] Darkest Hours,2026-04-20,-2,4599.0,3489,-0.05073086844368014
[☀️SUMMER!] Hypershot,2026-03-18,3,27206.0,23342,0.16553851426612973
[☀️SUMMER!] Hypershot,2026-04-01,4,28486.0,24343,0.1701926631885963
Untitled Fling Game,2026-02-15,-1,13004.0,12913,-0.13246340896770697
[🌷] Spelling Bee,2026-05-06,-4,729.0,478,0.5209205020920502
RIVALS,2026-02-06,8,448087.0,338307,0.324498162911202
RIVALS,2026-02-16,-2,448087.0,363014,0.16432148622367182
RIVALS,2026-03-02,-2,422665.0,252805,0.553705425130041
RIVALS,2026-03-12,2,392784.5,260626,0.5070810279864634
RIVALS,2026-03-24,-3,374681.0,221705,0.5895604519519181
RIVALS,2026-04-01,-3,352413.5,296201,0.13758900206278846
RIVALS,2026-04-20,5,410954.0,235985,0.7414411932961841
RIVALS,2026-05-01,-6,410954.0,305463,0.04884061244733405
RIVALS,2026-06-02,4,297512.0,217295,0.36916173865022206
[🔥 MAKI RAID] KAIZEN,2026-02-06,9,14956.5,4491,2.3303273213092854
[🎁Trading+GOJOv2]KAIZEN,2026-02-15,14,22266.0,14956,0.48876705001337256
[🎁Trading+GOJOv2]KAIZEN,2026-02-22,7,22266.0,21365,0.042171776269599816
[🎁Trading+GOJOv2]KAIZEN,2026-03-01,13,26917.0,22266,0.20888349950597324
[🎁Trading+GOJOv2]KAIZEN,2026-03-14,0,26917.0,26917,-0.33450978935245385
[🎁Trading+GOJOv2]KAIZEN,2026-03-29,0,18341.5,18341,-0.048906820784035764
[🎁Trading+GOJOv2]KAIZEN,2026-06-02,-2,4788.0,3078,-0.001949317738791423
[UPD🏈] fight in a school,2026-04-18,1,5623.5,5076,0.10786052009456265
Sorcerer Tower Defense ,2026-02-06,2,4211.0,3201,0.3155263980006248
Brace,2026-02-06,-5,1643.0,1445,-0.0837370242214533
Brace,2026-02-16,0,1324.0,1324,-0.16012084592145015
Brace,2026-03-15,0,1767.5,1767,-0.37577815506508205
Brace,2026-04-05,13,1566.0,1354,0.15657311669128507
Brace,2026-04-12,6,1566.0,1420,0.1028169014084507
Jujutsu Beatdown,2026-02-10,11,2994.0,1512,0.9801587301587301
Jujutsu Beatdown,2026-04-19,-1,5188.0,3211,-0.38212394892556834
Ball Tower Defense [⭐AAA UPDATE⭐],2026-03-05,-4,3091.0,1414,0.04809052333804809
[🌹] Poppy NewTime: UPDATE!,2026-03-02,-2,10370.0,5470,0.2420475319926874
[UPDATE] Jump Showdown,2026-02-06,-6,21277.0,13768,-0.09100813480534573
[EDGERUNNER / BURNING STAR] Jump Showdown,2026-02-21,0,66005.5,66005,-0.34133777744110294
[EDGERUNNER / BURNING STAR] Jump Showdown,2026-03-28,-5,10144.0,6937,-0.19994233818653598
[EDGERUNNER / BURNING STAR] Jump Showdown,2026-05-31,0,15995.0,15995,-0.33282275711159737
[⭐] Blue Lock: Rivals,2026-02-06,1,26609.0,21786,0.22138070320389241
[❄️ HIORI] Blue Lock: Rivals,2026-03-07,1,25557.0,23754,0.07590300580954787
[❄️ HIORI] Blue Lock: Rivals,2026-03-29,0,20797.0,20797,-0.04846852911477617
[❄️ HIORI] Blue Lock: Rivals,2026-04-08,3,19789.0,18145,0.0906034720308625
[❄️ HIORI] Blue Lock: Rivals,2026-04-26,14,25777.0,23649,0.08998266311471943
[❄️ HIORI] Blue Lock: Rivals,2026-05-14,-4,25777.0,17186,0.4454497847084837
[❄️ HIORI] Blue Lock: Rivals,2026-05-29,2,27551.0,20475,0.3455921855921856
[UPD] Ultimate Mining Tycoon,2026-03-28,8,14066.0,10160,0.3844488188976378
Forsaken,2026-02-06,-6,161104.0,129084,-0.10079870471940752
Forsaken,2026-03-12,7,224544.5,55234,3.0653311366187492
Forsaken,2026-03-19,0,224544.5,224544,-0.2602741556220607
Forsaken,2026-04-02,0,118315.5,118315,-0.12932426150530363
Forsaken,2026-05-01,-5,82310.0,66159,0.1672939433788298
Forsaken,2026-05-18,6,84103.0,61747,0.36205807569598525
Forsaken,2026-05-28,-4,84103.0,66894,0.23141088886895686
[UPDATE] Flight World ✈️,2026-02-10,-2,5638.0,2900,
💀 Hide or Die!,2026-02-10,-2,8874.0,4329,0.6036036036036037
💀 Hide or Die!,2026-02-18,10,8009.0,6942,0.15370210314030539
💀 Hide or Die!,2026-02-27,1,8009.0,7059,0.13457996883411247
💀 Hide or Die!,2026-03-12,-5,6831.0,4923,0.28397318708104813
💀 Hide or Die!,2026-05-25,13,9305.0,5329,0.7461062112966785
💀 Hide or Die!,2026-06-02,5,9305.0,6582,0.4137040413248253
[⛩️ UPDATE 2] Anime Warriors III,2026-05-15,9,55395.0,35506,0.5601588463921591
Gym Star Simulator 🏋️,2026-02-16,-1,10267.0,9738,-0.09118915588416512
Grace [GRACE BUT EVIL],2026-03-07,0,23297.5,23297,-0.08769369446709877
Grace [GRACE BUT EVIL],2026-03-18,14,23511.5,15998,0.4696524565570696
Grace [GRACE BUT EVIL],2026-03-25,7,23511.5,15960,0.4731516290726817
Grace [GRACE BUT EVIL],2026-04-01,0,23511.5,23511,-0.3295691378503679
SpongeBob Tower Defense🍍,2026-03-07,1,35454.0,34170,0.037576821773485515
SpongeBob Tower Defense🍍,2026-05-08,0,16141.0,16141,-0.21014807013196207
SpongeBob Tower Defense🍍,2026-05-29,0,18798.0,18798,-0.12102351313969571
[ 🦾🏐] Anime Card Clash,2026-03-10,10,13325.0,9753,0.36624628319491437
[ 🦾🏐] Anime Card Clash,2026-04-27,-1,12852.0,10322,0.18286184847897693
[🥊] Fish It! 🐟,2026-05-31,7,160738.0,150332,0.06922012612085252
[🎄] Violence District,2025-12-21,14,53286.0,35771,0.4896424477929049
[CURE] Violence District,2026-02-17,12,36252.0,35324,0.0262710904767297
[CURE] Violence District,2026-04-04,0,38851.0,38851,-0.0669738230676173
[CURE] Violence District,2026-04-22,10,37004.5,25813,0.4335606089954674
[CURE] Violence District,2026-05-04,13,75423.0,30049,1.5100003327897766
[CURE] Violence District,2026-05-14,10,77942.0,37873,1.057983259842104
[CURE] Violence District,2026-05-21,10,79883.0,47821,0.6704585851404194
Asylum Life 🔊,2026-02-08,-1,9340.5,8700,0.022413793103448276
Asylum Life 🔊,2026-05-10,14,10729.0,10204,0.05145041160329283
[🩸BLOOD V2] Jujutsu: Zero,2026-05-06,4,6555.0,3748,0.7489327641408752
Dolly's Factory [Alpha],2026-05-16,0,10989.5,10989,-0.20247520247520248
[UPD] Volleyball Legends,2025-12-21,9,166203.0,114082,0.4568731263477148
[UPD] Volleyball Legends,2026-03-07,-6,70794.0,65110,-0.06624942405160497
[UPD] Volleyball Legends,2026-04-11,-6,53429.0,48542,-0.06368711631164764
[UPD] Azure Latch,2026-03-22,0,6398.5,6398,-0.060487652391372305
[UPD] Azure Latch,2026-04-20,12,6094.0,5687,0.07156673114119923
[UPD] Azure Latch,2026-05-06,3,6443.0,3989,0.6151917773878165
[UPD] Azure Latch,2026-05-31,1,16745.0,6548,1.5572693952351864
[♾️] Ink Game,2026-02-06,-5,15453.0,11768,0.022901087695445275
[🔥] Ink Game,2026-02-16,6,12886.5,11666,0.10462026401508658
[🔥] Ink Game,2026-03-07,7,20174.5,15277,0.3205799567978006
[🔥] Ink Game,2026-03-14,0,20174.5,20174,-0.02195895707346089
[🔥] Ink Game,2026-04-20,13,22464.5,12880,0.744138198757764
[🔥] Ink Game,2026-04-29,4,22464.5,12548,0.790285304430985
[🔥] Ink Game,2026-06-01,6,21272.0,17166,0.23919375509728533
TOUCHLINE (Soccer/Football),2026-04-15,-4,509.0,250,0.324
🎄 Dead Rails [Beta],2025-12-21,11,51799.0,45274,0.14412245438883245
Dead Rails [Beta],2026-02-06,-6,29435.0,19108,0.497854301863094
Dead Rails [ENDLESS],2026-02-20,-5,28621.0,21894,0.2948296336895953
Dead Rails [ENDLESS],2026-03-18,11,35358.5,17944,0.9704915292019617
Dead Rails [ENDLESS],2026-04-01,3,58071.0,30561,0.900166879356042
Dead Rails [ENDLESS],2026-05-01,-5,40947.0,30143,0.058554224861493545
Dead Rails [ENDLESS],2026-05-17,0,35875.0,35875,-0.022968641114982577
Dead Rails [ENDLESS],2026-05-25,-1,35051.0,25740,0.2975912975912976
[UPD] Basketball: Zero,2026-02-06,2,18205.0,10421,0.7469532674407446
[🥷🏻THIEF] Basketball: Zero,2026-02-28,0,24714.0,24714,-0.11740309136521809
[🥷🏻THIEF] Basketball: Zero,2026-04-03,8,16432.5,11785,0.39435723377174375
[uPdate] Car Crash Simulator V3,2026-03-15,6,2170.0,1675,0.2955223880597015
[uPdate] Car Crash Simulator V3,2026-03-24,12,2857.0,1078,1.650278293135436
Parents [HORROR],2026-05-20,4,5479.0,3870,0.4157622739018088
🌊 Raft Tycoon,2026-02-11,-3,10983.0,6692,0.29199043634190075
🌊 Raft Tycoon,2026-03-24,5,6064.0,4733,0.28121698711176846
🌊 Raft Tycoon,2026-05-27,10,7344.0,4033,0.8209769402429953
🌊 Raft Tycoon,2026-06-06,0,7344.0,7344,-0.10362200435729847
(LIMITED x EVENT UPDATE 🐂) Drag Drive Simulator,2026-02-17,12,31647.0,15451,1.048216943887127
(LIMITED x EVENT UPDATE 🐂) Drag Drive Simulator,2026-03-09,13,49802.0,18274,1.7252927656780124
(LIMITED x EVENT UPDATE 🐂) Drag Drive Simulator,2026-05-02,-6,26471.0,19654,-0.04294291238424748
(LIMITED x EVENT UPDATE 🐂) Drag Drive Simulator,2026-06-02,-3,55423.0,37902,-0.10136668249696586
Restaurant Tycoon 3,2026-05-01,2,15855.0,13457,0.17819722077729064
Restaurant Tycoon 3,2026-05-25,12,20135.0,13965,0.44181883279627643
🏙️ Mini City Tycoon,2026-05-03,-7,5241.0,5047,-0.2653061224489796
Superstar Baseball,2026-05-07,0,8463.0,8463,-0.3853834337705305
[🏖️DUELS] Murderers VS Sheriffs,2026-05-02,8,87444.5,72944,0.198789482342619
[FFA EVENT] SNIPER DUELS,2026-04-01,10,10029.0,7619,0.31631447696548104
[💥] 99 Nights in the Forest 🔦,2026-02-06,9,789457.0,438943,0.7985410406362558
99 Nights in the Forest 🔦,2026-02-17,-2,789457.0,440778,0.2877786550145425
99 Nights in the Forest 🔦,2026-05-01,-5,292217.0,250289,0.1472937284499119
99 Nights in the Forest 🔦,2026-05-27,-3,289168.0,192464,0.4707269931000083
Brainrot Evolution,2026-02-08,-7,33457.0,22809,-0.12148713227234863
Brainrot Evolution,2026-03-14,0,17995.0,17995,-0.031175326479577662
Die of Death,2026-02-06,1,10814.5,11629,-0.07004041620087711
Die of Death,2026-04-02,0,9716.5,9716,-0.46860848085631945
Die of Death,2026-05-15,1,5766.5,3207,0.7980979108200811
Sell Lemons 🍋,2026-06-01,5,129194.0,46402,1.78423343821387
Sell Lemons 🍋,2026-06-08,-2,129194.0,101842,0.04737240038490996
A desrt [SANDBOX],2026-02-06,2,23912.0,14739,0.6223624397856028
A desrt [SANDBOX],2026-02-18,-4,17365.0,16386,-0.007292810936165019
[MTC] Multicrew Tank Combat,2026-04-05,14,3989.5,3273,0.21891231286281698
[🔥] Grow a Garden 🌶️,2026-02-16,-2,52598.5,44451,0.1520775685586376
[🔥] Grow a Garden 🌶️,2026-03-22,14,157309.0,49316,2.189816692351367
[🔥] Grow a Garden 🌶️,2026-03-29,14,230605.5,60652,2.802108751566313
[🔥] Grow a Garden 🌶️,2026-04-05,7,230605.5,157309,0.46593964744547356
[🔥] Grow a Garden 🌶️,2026-04-12,0,230605.5,230605,-0.11778799245463022
[🔥] Grow a Garden 🌶️,2026-04-19,-7,230605.5,203442,-0.2965857590861277
[🔥] Grow a Garden 🌶️,2026-05-10,0,157694.0,157694,-0.22410491204484634
[🔥] Grow a Garden 🌶️,2026-05-25,-1,122354.0,93256,0.12079651711418032
[🐉UNIVERSAL FEST P2🐉] Universal Tower Defense X,2026-04-28,4,50993.0,29266,0.742397321123488
[🐉UNIVERSAL FEST P2🐉] Universal Tower Defense X,2026-05-05,13,93707.0,46875,0.9990826666666667
[🐉UNIVERSAL FEST P2🐉] Universal Tower Defense X,2026-05-18,0,93707.0,93707,-0.05209856254068533
[🐉UNIVERSAL FEST P2🐉] Universal Tower Defense X,2026-06-02,1,133048.0,129129,0.030349495465774534
🍰 Bake or Die 💀,2026-03-16,13,12835.0,6108,1.1013425016371972
🍰 Bake or Die 💀,2026-03-30,13,15552.5,10260,0.5158382066276803
🍰 Bake or Die 💀,2026-04-21,5,42540.0,15579,1.7305988831118815
🍰 Bake or Die 💀,2026-04-29,-3,42540.0,25704,0.45644646747587925
🍰 Bake or Die 💀,2026-05-17,7,39290.0,32868,0.19538761105026164
🍰 Bake or Die 💀,2026-05-24,0,39290.0,39290,-0.21855433952659709
Anime League [FPS],2026-05-31,0,4809.0,4809,-0.24391765439800375
Build An Island! 🏝️,2026-03-29,0,7131.0,7131,-0.3035338662179218
[2X] Dungeon Heroes ⚔️,2026-02-08,0,5322.0,5322,-0.4673055242390079
🛍️ My Avatar!,2026-02-12,2,14317.0,11588,0.2355022437003797
🛍️ My Avatar!,2026-03-15,14,16093.0,13727,0.1723610402855686
🛍️ My Avatar!,2026-03-28,1,16093.0,15185,0.0597958511689167
🛍️ My Avatar!,2026-04-19,-7,17924.0,16488,-0.05786026200873363
🛍️ My Avatar!,2026-04-30,-5,15534.0,12671,0.120708704916739
🛍️ My Avatar!,2026-05-24,7,18560.0,17169,0.08101811404275147
🛍️ My Avatar!,2026-06-04,-4,18560.0,15780,0.1620405576679341
Anime Story 2 [BIZZARE UPDATE] 🕰️,2026-05-21,9,29187.0,11127,1.623078997034241
Anime Story 2 [BIZZARE UPDATE] 🕰️,2026-05-28,2,29187.0,20008,0.4587664934026389
[SEASON 2] LOCKED:2,2026-06-02,0,1990.5,1990,-0.07361809045226131
[🥊] My Gym!,2026-06-09,1,5704.5,4245,0.3438162544169611
[🔨] Build a Scam Empire!,2026-03-16,-1,817.5,542,0.3505535055350554
[🏇🧶 SBR] Anime Paradox,2026-02-21,1,19736.0,11605,0.7006462731581214
Glide Tower,2025-12-21,13,9877.0,5646,0.7493800921006022
Glide Tower,2026-02-06,2,5561.0,5412,0.02753141167775314
Glide Tower,2026-02-16,-1,5445.5,4757,0.05759932730712634
Glide Tower,2026-03-24,12,3164.0,1894,0.6705385427666315
Glide Tower,2026-04-05,0,3164.0,3164,-0.106826801517067
Glide Tower,2026-05-27,-3,1475.0,1164,0.09621993127147767
[🩸6.0🩸] Anime Crusaders,2026-02-26,0,11133.0,11133,-0.054163298302344384
[🩸6.0🩸] Anime Crusaders,2026-03-31,0,2718.5,2718,-0.06788079470198675
[🩸6.0🩸] Anime Crusaders,2026-04-27,5,14151.0,6220,1.27508038585209
The Forge [BETA],2026-02-23,0,24812.0,24812,-0.33266161534741256
The Forge [BETA],2026-03-15,0,8676.0,8676,-0.39736053480866756
The Forge [BETA],2026-04-01,12,5735.0,4631,0.23839343554307924
The Forge [BETA],2026-04-14,-1,5735.0,3085,-0.07601296596434359
The Forge [BETA],2026-04-30,4,3311.0,2890,0.14567474048442908
The Forge [BETA],2026-05-30,0,4741.0,4741,-0.10018983336848766
[🌋] Garden Tower Defense 🌻,2026-04-05,0,15356.0,15356,-0.0019861943214378743
[🌋] Garden Tower Defense 🌻,2026-05-24,14,13839.0,12500,0.10712
[🌋] Garden Tower Defense 🌻,2026-05-31,7,13839.0,12720,0.08797169811320754
[🌋] Garden Tower Defense 🌻,2026-06-07,0,13839.0,13839,-0.26613194594985184
Steal a Brainrot,2026-02-08,13,392551.0,374820,0.047305373245824664
Steal a Brainrot,2026-03-02,12,370568.5,262036,0.41418927170312475
Steal a Brainrot,2026-03-12,10,431997.5,226045,0.9111128315158487
Steal a Brainrot,2026-03-22,0,431997.5,431997,-0.23371458598092115
Steal a Brainrot,2026-04-05,0,331033.0,331033,-0.06069334477227346
Steal a Brainrot,2026-04-26,0,244447.0,244447,-0.03596076041023207
Steal a Brainrot,2026-05-03,-7,244447.0,235656,-0.10883660929490444
Steal a Brainrot,2026-05-16,1,210008.0,208052,0.00940149577990118
Steal a Brainrot,2026-05-26,-2,176946.0,159301,-0.07060847075661797
Blockies [2-3-4-5 Player Obby]  ,2026-02-12,9,4383.5,2061,1.1268801552644347
Blockies [2-3-4-5 Player Obby]  ,2026-02-21,0,4383.5,4383,-0.17955738078941363
[💫NEW TOWERS] Retro Tower Defense,2026-02-06,1,10839.5,11472,-0.05513423988842399
[KRAMPUS] Hunty Zombie,2025-12-21,-7,28103.0,28233,-0.06205504197216024
[W2] Hunty Zombie,2026-02-22,14,14109.0,2533,4.570075009869719
[W2] Hunty Zombie,2026-03-02,6,14109.0,4820,1.9271784232365146
[W2] Hunty Zombie,2026-04-04,1,4050.0,3333,0.2151215121512151
[W2] Hunty Zombie,2026-04-26,0,7383.0,7383,-0.25971827170526884
ZOO or OOF🎯,2026-04-09,3,28138.5,18832,0.49418542905692436
Kingdom World,2026-02-08,-2,7754.0,7173,-0.1520981458246201
[✈️] Build A Plane,2026-05-24,0,12022.0,12022,-0.30860089835301946
[CS] IRON MAN BUS SIMULATOR,2026-03-15,-7,188.0,73,-0.7945205479452054
[🏴‍☠️ UPD 1.0 🏴‍☠️] Anime Overload!,2026-03-29,0,21547.0,21547,-0.18921427576924862
OVERKILL ,2026-03-02,0,3559.5,3559,-0.05071649339702163
OVERKILL ,2026-04-12,-4,5595.0,2415,-0.3084886128364389
OVERKILL ,2026-05-15,-5,6424.0,4888,-0.3847176759410802
Racket Rivals ,2025-12-21,11,18423.0,15469,0.19096257030189412
Racket Rivals ,2026-02-16,5,13727.5,11753,0.16799965966136304
Racket Rivals ,2026-03-08,0,11552.0,11552,-0.010041551246537396
Racket Rivals ,2026-03-18,8,15279.0,7916,0.9301414855987873
Racket Rivals ,2026-03-26,0,15279.0,15279,-0.15446037044309183
Racket Rivals ,2026-04-10,0,15057.0,15057,-0.044198711562728296
Racket Rivals ,2026-04-25,0,22081.0,22081,-0.38087043159277206
Racket Rivals ,2026-05-15,6,10687.0,7401,0.4439940548574517
Last Letter 💬,2026-02-10,11,5713.5,2591,1.2051331532226939
[🌴] SHARP,2026-04-11,4,12030.0,12004,0.002165944685104965
[🌴] SHARP,2026-04-29,-6,10802.0,10275,0.046909975669099754
[🌴] SHARP,2026-05-10,12,11235.0,10094,0.1130374479889043
Steal Brainrots Trading Plaza 🛒,2026-02-15,7,9937.5,3732,1.662781350482315
Steal Brainrots Trading Plaza 🛒,2026-02-22,0,9937.5,9937,-0.534567776995069
Steal Brainrots Trading Plaza 🛒,2026-03-18,0,4773.0,4773,-0.17724701445631677
Steal Brainrots Trading Plaza 🛒,2026-05-06,11,2455.0,1639,0.4978645515558267
Steal Brainrots Trading Plaza 🛒,2026-05-17,0,2455.0,2455,-0.3869653767820774
[🧪]Build a Zoo💦,2026-03-20,1,11342.0,10806,0.04960207292245049
A Grabpack Test [HUGGY WUGGY],2026-03-26,9,19014.0,12613,0.5074922698802823
Slap DUELS [🎉UPD!],2026-02-08,0,6558.0,6558,-0.06831351021652943
Slap DUELS [🎉UPD!],2026-03-04,3,3523.0,2689,0.3101524730383042
Abyss [BETA],2026-02-15,-1,68411.0,65961,-0.1819863252528009
[UPD] Neo Tennis,2026-02-06,-2,10476.0,4085,0.1561811505507956
[UPD] Neo Tennis,2026-02-19,12,6622.0,4415,0.4998867497168743
[UPD] Neo Tennis,2026-03-03,0,6622.0,6622,-0.0022651766837813348
[UPD] Neo Tennis,2026-03-12,5,6607.0,2134,2.0960637300843485
[UPD] Neo Tennis,2026-03-28,14,14604.5,3622,3.032164549972391
[UPD] Neo Tennis,2026-04-09,2,14604.5,11865,0.23088916982722293
[UPD] Neo Tennis,2026-05-06,9,6284.0,2152,1.920074349442379
[UPD] Neo Tennis,2026-05-22,0,9899.0,9899,-0.5212647742196181
[👽] Bee Garden,2026-04-22,11,26118.0,8640,2.0229166666666667
[👽] Bee Garden,2026-05-03,0,26118.0,26118,-0.43460448732674783
A Broken Dream,2026-05-31,10,8276.0,7375,0.12216949152542372
LCS: Testing (MOVED),2026-02-22,0,627.0,627,-0.5159489633173844
[🕵️] Plants & Brainrots 🌻,2026-03-07,1,11385.0,10895,0.04497475906379073
[🕵️] Plants & Brainrots 🌻,2026-04-12,0,8033.5,8033,-0.09274243744553716
[🕵️] Plants & Brainrots 🌻,2026-05-15,9,6049.0,4028,0.5017378351539226
[🕵️] Plants & Brainrots 🌻,2026-06-07,-7,6017.0,5608,-0.36037803138373753
[🍀X2 + 🟣Deceiver & Lion Arc 🔥] Rogue Piece,2026-02-15,0,16383.0,16383,-0.6011719465299395
[🍀X2 + 🟣Deceiver & Lion Arc 🔥] Rogue Piece,2026-03-18,2,2306.0,1509,0.5281643472498343
Stonks,2026-05-17,0,2159.0,2159,-0.24641037517369152
[2x💎] Brainrot Tower Defense ,2026-03-30,13,3372.5,2578,0.3081846392552366
[2x💎] Brainrot Tower Defense ,2026-04-12,0,3372.5,3372,-0.3398576512455516
[🎄 UPDATE 1] untitled robot boxing,2025-12-21,2,1624.5,1519,0.06945358788676761
[🍀2X + UPD 2.5] Anime Tactical Simulator,2026-03-07,1,36441.0,25581,0.4245338337047027
Power Simulator X,2026-05-06,3,3108.0,2402,0.2939217318900916
💥 Tank Game!,2026-02-06,8,7117.5,6464,0.10109839108910891
💥 Tank Game! [2.0],2026-03-12,-5,6476.0,4342,0.4177798249654537
💥 Tank Game! [2.0],2026-05-01,8,3822.5,3633,0.0521607486925406
💥 Tank Game! [2.0],2026-05-23,7,8374.0,7748,0.08079504388229221
bridger: WESTERN (UPDATE 1.9.5),2026-04-02,9,28687.0,17621,0.6280006810056183
Scary Shawarma Kiosk: the ANOMALY [horror],2026-05-21,0,25187.0,25187,-0.26196053519672846
[🦕UPD] Build a Gym 💪,2026-04-19,0,1343.5,1343,-0.31720029784065523
Be a YouTuber! 🔴🎥,2026-02-08,14,20453.0,13367,0.5301114685419316
Be a YouTuber! 🔴🎥,2026-02-16,12,21735.0,12024,0.8076347305389222
Be a YouTuber! 🔴🎥,2026-02-26,2,21735.0,12133,0.7913953680046155
SLAP,2026-02-06,-5,2297.0,1323,0.23885109599395313
[INFINITE & GUN] SLAP,2026-02-16,-1,1420.0,1347,-0.066815144766147
[INFINITE & GUN] SLAP,2026-03-17,11,925.0,813,0.13776137761377613
[INFINITE & GUN] SLAP,2026-03-28,0,925.0,925,-0.36324324324324325
[INFINITE & GUN] SLAP,2026-05-01,1,274.0,205,0.33658536585365856
[INFINITE & GUN] SLAP,2026-05-16,14,373.0,312,0.1955128205128205
[INFINITE & GUN] SLAP,2026-05-23,8,385.0,364,0.057692307692307696
[INFINITE & GUN] SLAP,2026-06-09,-2,317.0,236,-0.3050847457627119
🐙 Raft 101 Survival,2026-02-06,8,18441.5,13479,0.3681652941612879
🐙 [UPD] Raft 101 Survival,2026-02-16,6,19350.5,15120,0.27979497354497357
[🍄UPD] Star Fishing,2026-02-12,2,14066.0,10944,0.2852704678362573
[🏠TINY HOMES] Southern Mudding 🚜 OffRoading,2026-02-27,0,13301.0,13301,-0.13938801593865122
[🏠TINY HOMES] Southern Mudding 🚜 OffRoading,2026-05-06,10,16624.0,10340,0.6077369439071567
[🧏‍♀️FEMALE TITANS] Blocky Toilet Tower Defense,2026-02-06,-5,484.0,104,-0.07692307692307693
EASTER 🐰 Tap Simulator,2026-03-20,1,17912.0,16357,0.09506633245705202
Oil Empire🛢️ [GOLDEN MACHINE],2026-03-22,13,13012.0,7401,0.7581407917848939
Oil Empire🛢️ [GOLDEN MACHINE],2026-03-29,14,13518.5,12106,0.11667768048901371
Oil Empire🛢️ [GOLDEN MACHINE],2026-04-15,11,25462.0,12110,1.102559867877787
[FPS] Flick,2026-02-06,2,15193.0,10713,0.41818351535517595
[FPS] Flick,2026-03-02,-2,13475.0,8258,0.25121094696052315
[FPS] Flick,2026-03-24,-3,9941.0,7092,0.20826283135927806
Find the Brainrot [312],2025-12-21,0,81558.0,99129,-0.27827376448869656
Find the Brainrot [508],2026-02-09,-7,9769.0,9243,-0.1541166288001731
Find the Brainrot [508],2026-03-22,14,2996.0,2670,0.12209737827715356
Find the Brainrot [508],2026-04-05,0,2996.0,2996,-0.22162883845126835
Find the Brainrot [508],2026-04-23,-4,1844.0,1232,0.30560064935064934
Find the Brainrot [508],2026-06-02,-1,1067.0,967,-0.04343329886246122
[🧸] Build A Pet Factory,2026-02-24,4,12000.0,5120,1.34375
QUESTS! 💎 Multiverse Tower Defense,2026-03-20,1,917.0,664,0.3810240963855422
[📲MOBILE] Bus Master,2026-04-22,4,2239.0,829,1.700844390832328
[📲MOBILE] Bus Master,2026-04-29,-3,2239.0,1748,
Dive Down 🦈,2026-02-21,1,17492.0,16358,0.06932387822472184
Dive Down 🦈,2026-04-30,3,8485.5,4591,0.8482901328686561
[ 🔥 2x BLACK FIRE 🌑 ] Anime Reversal,2026-04-15,3,5209.0,1431,2.640111809923131
 [100M!] You VS Homer,2026-02-11,2,29945.5,27268,0.09819201995012469
[🌴Summer] Idle Defense,2026-02-20,14,868.0,323,1.6873065015479876
[🌴Summer] Idle Defense,2026-03-07,8,1853.5,1551,0.1950354609929078
[🌴Summer] Idle Defense,2026-04-11,8,3041.0,1968,0.5452235772357723
[🌴Summer] Idle Defense,2026-04-18,1,3041.0,2760,0.10181159420289855
[🔥FINALS] NBA Champions Basketball,2026-06-06,0,11512.0,11512,-0.5825225851285615
[LIMITLESS+AIZEN] Anime Apocalypse,2026-05-17,0,39482.0,39482,-0.5104224709994428
[UPD💎] 🧟 Survive the Apocalypse,2026-03-19,10,22905.0,7892,1.9023061327927016
[UPD💎] 🧟 Survive the Apocalypse,2026-04-04,14,45868.0,27593,0.6623056572319066
[UPD💎] 🧟 Survive the Apocalypse,2026-04-11,7,45868.0,36658,0.2512412024660374
[UPD💎] 🧟 Survive the Apocalypse,2026-04-18,8,48332.0,45868,0.053719368623005144
[❄️] Park a Car🅿️,2026-03-04,3,2554.5,2389,0.06927584763499373
[📜] Catch a Monster,2026-02-16,13,27545.0,16545,0.6648534300392868
[📜] Catch a Monster,2026-03-01,7,32364.0,27545,0.17495008168451626
[📜] Catch a Monster,2026-05-21,-4,29687.0,22618,0.15027853921655318
⛏️Dig to Escape,2026-02-06,2,25250.0,16135,0.564920979237682
⛏️Dig to Escape,2026-04-10,1,15281.5,12972,0.1780373111316682
⛏️Dig to Escape,2026-05-14,3,14124.0,13132,0.07554066402680475
⛏️Dig to Escape,2026-06-06,0,11521.0,11521,-0.20649249197118305
[🍓] Cook & Sell! [ALPHA],2026-05-20,7,9666.0,4506,1.1451398135818909
[🍀3x Luck🍀] Sailor Piece,2026-02-17,11,32429.0,7108,3.562324141812043
[🍀3x Luck🍀] Sailor Piece,2026-02-24,14,57885.0,21829,1.6517476751110907
[🍀3x Luck🍀] Sailor Piece,2026-03-08,14,270203.0,41049,5.582450242393238
[🍀3x Luck🍀] Sailor Piece,2026-03-15,14,445947.0,110286,3.043550405309831
[🍀3x Luck🍀] Sailor Piece,2026-03-22,13,573379.0,270203,1.1220304733848254
[🍀3x Luck🍀] Sailor Piece,2026-03-29,13,669992.0,445947,0.5024027518965258
[🐰] Build a Millionaire 💸,2026-03-30,5,6865.0,5869,0.16970523087408418
🚀 Spear Training!,2026-02-24,-2,31006.0,20701,0.14859185546591952
[QOL] Anime Fighting Simulator: Endless,2026-02-12,6,46280.0,41020,0.12823013164310093
[QOL] Anime Fighting Simulator: Endless,2026-05-03,14,6947.0,5595,0.2416443252904379
[🔄] Spin a Soccer Card,2026-03-14,8,16465.0,13792,0.19380800464037123
[UPD] Loot Up!,2026-02-22,-1,7098.5,6741,-0.49918409731493846
[FPS] One Tap,2026-02-06,-5,7310.0,5114,0.22741493938208837
[FPS] One Tap,2026-03-11,10,17047.0,10028,0.6999401675309135
[FPS] One Tap,2026-03-20,9,19429.0,13754,0.4126072415297368
Bakso Malang Anomalies [UPD] [True Scary Horror],2026-02-16,6,10586.0,10540,0.004364326375711575
[UPD] Knife Arena,2026-05-15,2,4320.0,3761,0.1486306833289019
Spin a Baddie 🎲,2026-02-11,2,18441.0,11918,0.5473233764054372
💣 Bomb Chip,2026-02-06,-5,11904.0,6586,0.4195262678408746
⛏️ Break a Lucky Block!,2026-02-10,-2,79785.0,52427,0.16920670646804128
⛏️ Break a Lucky Block!,2026-03-15,0,39559.0,39559,-0.4019060138021689
[UPD] Survive Zombie Arena,2026-04-29,11,71860.5,26385,1.7235361000568505
[UPD] Survive Zombie Arena,2026-05-06,11,112339.0,35966,2.123477728966246
[UPD] Survive Zombie Arena,2026-05-13,11,172532.0,63487,1.7175957282593286
[UPD] Survive Zombie Arena,2026-05-20,11,174527.0,86248,1.0235483721361656
[2x💵] Anime Card Collection,2026-04-05,14,18697.0,15663,0.1937049096597076
Craft Anime,2026-02-06,1,10705.0,10815,-0.010171058714748035
[MAPS] Knockout! 🐧,2026-02-06,8,166049.0,94039,0.765746126607046
[☀️] Knockout! 🐧,2026-02-15,6,169768.0,163253,0.03990738301899506
"Yes, No, Maybe?",2026-02-06,1,4328.5,3488,0.2409690366972477
My Brainrot Army,2026-02-09,0,3826.0,3826,-0.17825405122843702
Pull Lucky Blocks,2026-03-30,5,23352.0,18082,0.29145006083397856
[🎈] Pop a Balloon,2026-02-06,2,7399.0,6187,0.19589461774688863
[🏝️] Timber! 🌲🪓,2026-03-02,-1,3753.0,1958,-0.17492339121552605
Steal From Brainrots 🤫,2026-02-06,1,76124.0,78763,-0.03350558003123294
[⚡] Hyper Speed Runner,2026-03-22,-1,8638.0,7800,-0.153974358974359
[💎] Break a Brainrot Egg!,2026-04-11,8,16332.0,12235,0.3348590110339191
[💎] Break a Brainrot Egg!,2026-04-19,0,16332.0,16332,-0.12105069801616458
[🔐] Escape Logs for Brainrots,2026-02-06,-7,9598.5,3925,-0.15898089171974522
[VALENTINE] Collect all Brainrots,2026-02-08,0,622.0,622,-0.3102893890675241
[V6] +1 Jump Evolve Tower,2026-04-15,10,28944.0,15021,0.92690233672858
[V6] +1 Jump Evolve Tower,2026-04-22,3,28944.0,19046,0.5196891735797543
Cursed Blade[ALPHA],2026-05-31,0,6094.0,6094,-0.2364620938628159
[MYTHICAL] Garden Horizons 🌱,2026-03-01,0,213581.0,213581,-0.34618481981075094
Brainrot Heroes 🏹,2026-03-18,-3,3698.5,2595,0.4030828516377649
[UPD] +1 Fat Per Step 🍗,2026-04-05,6,7721.5,7716,0.0007128045619491965
bote ried,2026-02-06,-5,19795.0,15629,-0.12735939599462537
[🌌Aura Tree] Anime Power League,2026-04-18,1,4793.0,4076,0.17590775269872425
[🐒] Escape The ZOO!,2026-05-07,3,22937.0,9230,1.4850487540628385
[🐒] Escape The ZOO!,2026-05-14,-4,22937.0,15626,0.27921413029566106
Save Brainrots from LAVA ,2026-02-08,-2,49231.5,37320,-0.18047963558413718
[NEW SNIPER] Sniper Arena,2026-02-10,11,15660.0,8812,0.7771221062187925
[NEW SNIPER] Sniper Arena,2026-05-25,13,16008.0,9779,0.6369771960323142
[NEW SNIPER] Sniper Arena,2026-06-03,4,16008.0,11921,0.3428403657411291
+1 Speed Elytra Escape,2026-05-14,3,2225.0,1286,0.7301710730948678
I HATE BRAINROT,2026-04-21,-2,14536.5,9054,0.5289374861939474
[EVENT UPD!] Sambung Kata 💬,2026-03-01,0,39714.0,39714,-0.3246965805509392
Survive Disasters for Brainrots!,2026-03-02,11,5575.0,1955,1.8516624040920715
Survive Disasters for Brainrots!,2026-03-09,4,5575.0,2556,1.1811424100156493
[TRAITS] Escape Obbies For Brainrots!,2026-02-13,0,13005.0,13005,-0.007996924259900038
[⚔️CLANS] Murder Duels ,2026-05-28,3,6662.0,4594,0.4501523726599913
[🌈] Climb For Brainrots,2026-02-10,-2,34749.0,20119,0.42101993140812166
Monkey Bomb Tag,2026-05-09,1,24442.5,24228,0.008853392768697375
[🍀] Jump for Brainrots!,2026-02-16,5,62638.5,59176,0.05851189671488441
Escape Police For Brainrots,2026-02-06,-7,37687.0,18334,-0.10090542162103196
[TRADING] +1 Escape Tsunami for Poppy Playtime,2026-03-03,-4,10346.5,6088,0.36498028909329827
Escape Guards to Steal Brainrots 🧠,2026-02-11,-3,33208.0,31130,-0.030999036299389656
[⚡] +1 Speed Keyboard Escape | Candy & Chocolate,2026-04-18,8,51727.0,22331,1.31637633782634
[⚡] +1 Speed Keyboard Escape | Candy & Chocolate,2026-04-25,14,70190.0,39691,0.7684109747801768
[⚡] +1 Speed Keyboard Escape | Candy & Chocolate,2026-05-05,12,126806.0,36633,2.4615237627275954
[⚡] +1 Speed Keyboard Escape | Candy & Chocolate,2026-05-12,12,135978.0,57479,1.3656987769446232
[⚡] +1 Speed Keyboard Escape | Candy & Chocolate,2026-05-19,12,194538.0,57873,2.3614638950806075
[⚡] +1 Speed Keyboard Escape | Candy & Chocolate,2026-05-27,11,261084.0,88876,1.9376209550384806
[⚡] +1 Speed Keyboard Escape | Candy & Chocolate,2026-06-03,4,261084.0,181898,0.435331889300597
Pocong: Cursed Hospital [Beta] [Scary Horror],2026-03-08,0,13511.0,13511,-0.3161868107467989
My Mining Brainrots,2026-02-08,-2,14329.0,13396,-0.5081740818154673
Would you rather but it happens,2026-02-20,8,20133.0,12451,0.616978555939282
Would you rather but it happens,2026-02-27,1,20133.0,16488,0.2210698689956332
[UPD] Titan Fishing,2026-03-09,-1,64190.0,46731,-0.14673343176906123
[🐥] My ZOO,2026-04-02,3,6469.0,6147,0.05238327639498942
 [NOW] +1 Speed Escape for Brainrots!,2026-02-17,5,35705.5,21657,0.6486817195364085
Escape Getting Crushed For Brainrots,2026-02-21,7,12375.0,8786,0.40849078078761664
Escape Getting Crushed For Brainrots,2026-02-28,0,12375.0,12375,
[🐰] Survive LAVA for Brainrots!,2026-02-08,5,212738.5,113366,0.8765635199266094
[🐰] Survive LAVA for Brainrots!,2026-02-15,-2,212738.5,163003,-0.07167046005288247
🐛Catch Bugs! [🌋],2026-04-01,-3,6087.0,5096,0.14442700156985872
🐛Catch Bugs! [🌋],2026-05-02,1,9993.5,9001,0.11026552605266081
Hooked! [TRAIT],2026-03-19,-5,34905.0,27186,0.17733392187155153
Glide for Brainrots,2026-02-28,0,16810.0,16810,-0.3566924449732302
Run For Brainrots!,2026-03-19,2,21350.0,15871,0.34522084304706696
[❄️ UPD 3] Aura Ascension,2026-03-31,-3,43067.0,26104,0.558381857186638
[🎲] Jump to Steal Brainrots!,2026-02-20,2,32766.0,30307,0.08113637113538126
Trading Empire [BETA],2026-03-05,3,3666.0,2419,0.5155022736668045
Grow Beanstalk For Brainrots!,2026-02-27,2,52297.0,39390,0.3276719979690277
Brainrot Laboratory,2026-03-02,5,54403.0,36376,0.49557400483835495
Brainrot Laboratory,2026-03-18,9,82419.0,6439,11.799968939276285
[NOW] Fly for Brainrots!,2026-03-10,-3,21934.5,13128,0.4067260816575259
[☄️] Jump To Steal Lucky Blocks,2026-03-20,-6,23729.0,21471,0.020865353267197614
Survive the Backrooms,2026-05-30,0,7055.0,7055,-0.24620836286321757
[🐰 UPDATE] Legacy Toilet Tower Defense,2026-04-06,3,2553.0,2310,0.10519480519480519
[🍎] My Farmers Market,2026-03-26,2,4937.0,4208,0.17324144486692014
[🪙UPD] Throwing Simulator🎯,2026-04-11,0,16990.0,16990,-0.4984108298999411
Swing Obby for Brainrots!,2026-03-08,7,108543.0,88319,0.22898809995584188
Cut Grass for Brainrots,2026-03-15,0,43377.5,43377,-0.16879913318117898
Steal The Brainrot Base🧠,2026-03-27,1,18418.0,13856,0.32924364896073904
[🤔] Guess My Number,2026-03-12,-5,23784.5,16533,0.25074094235770883
[🏍️] Wheelie District,2026-05-05,4,8349.0,6017,0.3875685557586837
[☀️ SINGULARITY] Re:Rangers X,2026-03-10,12,51380.0,25776,0.9933271260086902
[☀️ SINGULARITY] Re:Rangers X,2026-03-17,5,51380.0,42885,0.19808790952547511
[☀️ SINGULARITY] Re:Rangers X,2026-04-07,0,31993.0,31993,-0.048135529647110306
Be a Lucky Block,2026-03-20,13,128388.0,61002,1.1046523064817546
Be a Lucky Block,2026-03-27,9,141242.0,87884,0.6071412316235038
Be a Lucky Block,2026-04-03,2,141242.0,116001,0.2175929517848984
Be a Lucky Block,2026-04-26,0,89283.0,89283,-0.4360740566513222
Slime RNG,2026-04-29,10,194309.5,29890,5.500819672131148
Slime RNG,2026-05-06,10,293081.0,120783,1.426508697416027
Slime RNG,2026-05-14,2,293081.0,218233,0.3429728776124601
[🍔2x] Get Fat to Splash💦,2026-04-29,-3,9011.0,5355,-0.07058823529411765
⛏️Dig DEEPER for Brainrots!,2026-03-28,-3,21598.0,18834,0.005654667091430392
Summon Heroes (Runes 🗿),2026-04-11,0,14161.5,14161,-0.24719299484499682
[👮] Tactical: Swat Simulator,2026-05-14,3,11234.0,8940,0.25659955257270695
Get STRONG for Brainrots!,2026-03-30,4,15262.0,11742,0.29977857264520524
Shrink For Brainrots,2026-03-25,4,38916.0,34809,0.11798672757045592
[UPD] Mini War,2026-05-02,14,45307.5,13842,2.2731902904204593
[UPD] Mini War,2026-05-09,8,54643.0,30906,0.7680385685627387
[UPD] Mini War,2026-05-16,1,54643.0,45307,0.2060608735956916
Vacuum For Brainrots!,2026-03-29,0,13819.5,13819,-0.3327664809320501
VEF,2026-04-19,0,98.0,98,-0.19387755102040816
[🌭] +1 Fat to Fit,2026-04-19,5,15774.0,14135,0.11595330739299611
🐑 Shepherd Simulator,2026-06-02,-2,3478.0,3133,-0.002074688796680498
Cosmic Playground,2026-05-31,0,2055.0,2055,-0.4274939172749392
[WORLD 5+6] Needoh Tower,2026-05-26,5,35416.0,20344,0.7408572552103815
Be a Brainrot,2026-04-06,5,46390.0,38896,0.1926676264911559
Open Sea For Brainrots!,2026-04-05,-1,18704.0,13193,-0.20870916395057984
Coding Simulator 2 ,2026-04-27,6,3118.5,1617,0.9285714285714286
Unseen Liminality [BETA],2026-06-01,5,19022.0,11853,0.6048257825023201
[BEAM CLASHING] Ryu Ishigori Game,2026-04-19,6,4153.0,3610,0.15041551246537396
🏔️[BETA] K2 CLIMBING SIMULATOR,2026-05-22,2,22741.0,14605,0.5570694967476891
+1 Speed Be a Lucky Block!,2026-04-10,0,19633.0,19633,-0.04230122752508531
Football Fusion 3,2026-04-06,-2,3703.0,2640,-0.23295454545454544
Skateboard for Brainrots,2026-04-11,0,29214.0,29214,-0.15964948312452934
Escape Lasers,2026-05-22,0,7733.5,7733,-0.33958360274149746
[DANIELS PARTY] Re:Aura,2026-06-03,1,4370.0,2703,0.6167221605623382
[✈️]Drill for Brainrots,2026-04-20,5,22682.0,7298,2.1079747876130446
[✈️]Drill for Brainrots,2026-04-27,-2,22682.0,12612,0.589280050745322
😈 Split or Steal Brainrot ,2026-05-20,4,7640.0,4685,0.6307363927427961
😈 Split or Steal Brainrot ,2026-05-27,-3,7640.0,5582,0.16320315299175922
[W3] Blox Loot,2026-05-24,0,11464.0,11464,
Bike Obby For Brainrots!,2026-04-14,5,23207.5,13947,0.6639779163977917
[🏕️] Merge Shop,2026-04-26,0,3819.0,3819,-0.26682377585755435
[🏕️] Merge Shop,2026-05-19,5,3420.0,1760,0.9431818181818182
[🏕️] Merge Shop,2026-06-06,1,3315.0,2837,0.16848783926683117
[🚀] Launch!,2026-05-08,8,910.5,538,0.6923791821561338
[2x🍀]Squishy Dumpling Unboxing,2026-04-29,-3,20964.0,16908,0.1930447125621008
Race Your Lucky Block,2026-05-26,-3,20229.0,15622,-0.17481756497247472
Pole Obby for Brainrots!,2026-05-30,0,10044.0,10044,-0.07556750298685783
Run a Restaurant!,2026-05-23,8,24612.0,11788,1.0878859857482186
[🤖] Shoot LASERS For Brainrots!,2026-05-02,0,16222.0,16222,-0.06660707680927136
Be a Thief [WORLD 2],2026-05-15,2,12951.0,9653,0.3416554439034497
[👨‍💻] +1 Wings for Brainrots ,2026-05-12,5,21265.0,12144,0.751070487483531
[UPD] +1 Gun Evolution,2026-05-03,-1,11400.5,9458,-0.25787692958342145
[🦵] Kick a Lucky Block,2026-04-25,14,284002.0,87608,2.2417359145283537
[🦵] Kick a Lucky Block,2026-05-02,7,284002.0,241717,0.17493597885130133
Roller for Brainrots!,2026-04-30,2,30387.0,21175,0.43504132231404957
Wizard Alchemy[✨Divine Qilin],2026-05-22,2,33620.0,21704,0.549023221525986
[EMPEROR] Invincible Edit Test,2026-05-05,11,3573.0,1192,1.9974832214765101
Giant Bug Zoo 🐞,2026-05-06,-3,1288.5,945,-0.24497354497354498
[🌸] Nuke for Brainrot,2026-05-07,3,23642.5,16083,0.47003046695268297
Noob Tower Defense [📖Index!],2026-05-05,5,10347.5,7515,0.3769128409846973
[💪]+1 Muscle to Arm Wrestle,2026-05-15,8,21346.0,14993,0.423731074501434
Shells,2026-05-07,2,3044.5,1743,0.7467010900745841
[🌽] Build A Ring Farm,2026-05-18,14,121772.0,17160,6.096270396270397
[🌽] Build A Ring Farm,2026-05-25,7,121772.0,56045,1.1727540369346061
[🌽] Build A Ring Farm,2026-06-01,0,121772.0,121772,-0.024496600203659298
Hangman ✏️,2026-05-13,3,998.5,527,0.8946869070208728
[COLLAB] Trending Meme Animations,2026-05-04,5,5366.5,2825,0.899646017699115
Be Flash For Brainrots!,2026-05-17,7,43250.0,26538,0.629738488205592
Be Flash For Brainrots!,2026-05-24,0,43250.0,43250,-0.00677456647398844
+1 Speed Evolve 🦊 [UPD 3],2026-05-26,13,12770.0,3534,2.613469156762875
+1 Speed Evolve 🦊 [UPD 3],2026-06-02,6,12770.0,6222,1.0523947283831565
Would You Rather: Outfit Tower 💖,2026-05-04,-2,23266.0,19349,0.007235516047340948
The Everything Factory,2026-06-05,2,5200.0,3593,0.44725855830782074
Would You Rather: Style Towers 💞✨,2026-05-09,1,8705.0,6462,0.347106159083875
[ARBYS] ROTOLOGY,2026-05-23,2,1385.0,1238,0.11873990306946688
[2x🍀] Broken Blade ,2026-05-28,9,39146.0,7307,4.357328589024223
[2x🍀] Broken Blade ,2026-06-04,2,39146.0,21972,0.7816311669397414
Drill Evolution,2026-05-31,-2,2565.0,1505,-0.3166112956810631
Defend ur base with anime,2026-06-08,2,13879.5,11279,0.23056121996630907
PAPER PLANES!,2026-05-30,7,6075.0,3773,0.6101245693082428
Would You Rather: Boys & Girls Outfit Tower!,2026-05-20,4,32679.0,26910,0.21438127090301004
Would You Rather: Evolve Tower 🧬,2026-05-23,0,5545.0,5545,-0.11596032461677187
Battle Pet 💥,2026-06-04,3,15433.0,5954,1.5920389654014109
[💻] My Gaming Cafe!,2026-06-08,-1,12529.0,11438,-0.14290085679314565
